[
  {
    "name":"R1",
    "commands": [
      "L",
      "F",
      "L",
      "F",
      "L",
      "F",
      "L",
      "F",
      "F"
    ],
    "plateau": {
      "x": 5,
      "y": 5
    },
    "position": {
      "coordinate": {
        "x": 1,
        "y": 2
      },
      "direction": {
        "compass": "N"
      }
    }
  },
  {
    "name":"R2",
    "commands": [
      "F",
      "F",
      "R",
      "F",
      "F",
      "R",
      "F",
      "R",
      "R",
      "F"
    ],
    "plateau": {
      "x": 5,
      "y": 5
    },
    "position": {
      "coordinate": {
        "x": 3,
        "y": 3
      },
      "direction": {
        "compass": "E"
      }
    }
  }
]